{
  "name": "Carousel",
  "controlType": "custom",
  "generalProperties": {
    "chartType": "Carousel",
    "hidePanel": false,
    "zoomEnabled": false,
    "title": "Title here"
  },
  "chartProperties": {
    "images": "imagePathField",
    "height": "320",
    "width": "660",
    "cellWidth": "300",
    "cellsToShow": "1",
    "cellsToScroll": "1",
    "loop": false,
    "lightDOM": false,
    "overflowCellsLimit": "3",
    "freeScroll": false,
    "autoplay": true,
    "autoplayInterval": "5000",
    "pauseOnHover": true,
    "dots": false,
    "margin": "10",
    "minSwipeDistance": "10",
    "transitionDuration": "300",
    "transitionTimingFunction": "ease-in-out",
    "counter": false,
    "counterSeparator": "/",
    "borderRadius": "0",
    "arrows": true,
    "arrowsOutside": false,
    "arrowsTheme": "light"
  },
  "script": ""
}
