{"name":"Column and Line mix","controlType":"amChart","generalProperties":{"chartType":"XYChart","hidePanel":false,"zoomEnabled":false,"isExportEnabled":"false"},"chartProperties":{"xAxes":[{"type":"CategoryAxis","dataFields":{"category":"country"},"renderer":{"minGridDistance":90,"labels":{"fontSize":"1px"}}}],"yAxes":[{"type":"ValueAxis"}],"series":[{"type":"ColumnSeries","dataFields":{"categoryX":"country","valueY":"litres"},"name":"Litres","columns":{"tooltipText":"{valueY}","column3D":{"stroke":"#fff","strokeOpacity":0.2}}},{"type":"LineSeries","bullets":[{"children":[{"type":"Circle","stroke":"#2F4858","strokeWidth":1,"tooltipText":"Value: [bold]{valueY}[/]","width":6,"height":6,"horizontalCenter":"middle","verticalCenter":"middle"}],"type":"Bullet"}],"dataFields":{"categoryX":"country","valueY":"litres"},"name":"Expenses","columns":{"tooltipText":"{valueY}","column3D":{"stroke":"#fff","strokeOpacity":0.2}}}],"legend":{"type":"Legend","disabled":true},"scrollbarX":{"type":"Scrollbar","disabled":true},"scrollbarY":{"type":"Scrollbar","disabled":true}},"script":""}