{"name":"Country Chart","controlType":"amChart","generalProperties":{"chartType":"MapChart","hidePanel":false,"zoomEnabled":false,"isExportEnabled":"false"},"chartProperties":{"geodata":"worldHigh","projection":"Mercator","series":[{"type":"MapPolygonSeries","useGeodata":true,"countryCodes":["HT","HN","HU","IS","IN","ID","IR","IQ","IE","IL","IT","JM","JP","JO","KZ","KE","KP","KR","KG","LA","LV","LB","LS","LR","LY","LT","LU","MK","MG","MY","ML","MT","MR","MX","MD","MN","ME","MA","MZ","MM","NA","NP","NL","NZ","NI","NE","NG","NO","OM","PK","PA","PG","PY","PE","PH","PL","PT","RO","RU","SA","SN","RS","SK","SI","SO","ZA","SS","ES","SD","SE","CH","SY","TW","TJ","TZ","TH","TN","TR","TM","UA","AE","GB","US","UY","UZ","VE","VN","YE","ZM","ZW"],"include":["IN"],"mapPolygons":{"tooltipText":"{name}","fill":"#bf9017"}}],"scrollbarX":{"type":"Scrollbar","disabled":true},"scrollbarY":{"type":"Scrollbar","disabled":true}},"script":""}