{"name":"Cylindrical Bar Chart","controlType":"amChart","generalProperties":{"chartType":"XYChart3D","hidePanel":true,"zoomEnabled":false,"isExportEnabled":"false"},"chartProperties":{"xAxes":[{"type":"CategoryAxis","dataFields":{"category":"country"},"renderer":{"minGridDistance":90,"labels":{"fontSize":"1px"}}}],"yAxes":[{"type":"ValueAxis","dataFields":{"value":"litres"}}],"series":[{"type":"ConeSeries","dataFields":{"categoryX":"country","valueY":"litres"},"name":"Litres","columns":{"tooltipText":"{valueY}","column3D":{"stroke":"#fff","strokeOpacity":0.2}}}],"legend":{"type":"Legend","disabled":true},"scrollbarX":{"type":"Scrollbar","disabled":true},"scrollbarY":{"type":"Scrollbar","disabled":true}},"script":""}