{
  "name": "Funnel Chart",
  "controlType": "amChart",
  "generalProperties": {
    "chartType": "SlicedChart",
    "hidePanel": false,
    "zoomEnabled": false,
    "isExportEnabled": "false"
  },
  "chartProperties": {
    "hiddenState": {
      "properties": {
        "opacity": 0
      }
    },

    "series": [
      {
        "type": "FunnelSeries",
        "alignLabels": true,
        "dataFields": {
          "value": "value",
          "category": "name"
        },
        "colors": {
          "step": 2
        }
      }
    ],

    "labelsContainer": {
      "paddingLeft": 15,
      "width": 200
    },

    "legend": {
      "position": "left",
      "valign": "bottom",
      "marginTop": 5,
      "marginRight": 5,
      "marginBottom": 20,
      "marginLeft": 5
    }
  },
  "script": ""
}
