{
  "name": "Gauge Chart",
  "controlType": "amChart",
  "generalProperties": {
    "chartType": "GaugeChart",
    "title": "Gauge Chart",
    "zoomEnabled": false,
    "isExportEnabled": "false"
  },
  "chartProperties": {
    "innerRadius": -25,
    "hands": [{ "type": "ClockHand", "value": 65 }],
    "xAxes": [
      {
        "type": "ValueAxis",
        "min": 0,
        "max": 100,
        "strictMinMax": true,
        "dataFields": { "category": "litres" },
        "axisRanges": [
          {
            "value": 0,
            "endValue": 70,
            "axisFill": {
              "fillOpacity": 1,
              "fill": "green",
              "zIndex": -1,
              "forceCreate": true
            }
          },
          {
            "value": 70,
            "endValue": 90,
            "axisFill": {
              "fillOpacity": 1,
              "fill": "yellow",
              "zIndex": -1,
              "forceCreate": true
            }
          },
          {
            "value": 90,
            "endValue": 100,
            "axisFill": {
              "fillOpacity": 1,
              "fill": "red",
              "zIndex": -1,
              "forceCreate": true
            }
          }
        ]
      }
    ]
  },
  "script": ""
}
