{"name":"Globe Chart","controlType":"amChart","generalProperties":{"chartType":"MapChart","hidePanel":false,"title":"Globe title","zoomEnabled":false},"chartProperties":{"geodata":"worldLow","panBehavior":"rotateLongLat","projection":"Orthographic","deltaLongitude":-60,"backgroundSeries":{"mapPolygons":{"polygon":{"fill":"#60A3D9","fillOpacity":1,"hoverOnFocus":true}}},"series":[{"type":"MapPolygonSeries","useGeodata":true,"mapPolygons":{"tooltipText":"{name}","fill":"#74B266","states":{"hover":{"properties":{"fill":"#FFFFFF","fillOpacity":1}}}}}],"scrollbarX":{"type":"Scrollbar","disabled":true},"scrollbarY":{"type":"Scrollbar","disabled":true}},"script":"let animation;setTimeout(function(){animation=chart.animate({property:\"deltaLongitude\",to:100000},20000000)},1000);"}