{"name":"Horizontal Bar Chart","controlType":"amChart","generalProperties":{"chartType":"XYChart","hidePanel":false,"zoomEnabled":false,"isExportEnabled":"false"},"chartProperties":{"xAxes":[{"type":"ValueAxis"}],"yAxes":[{"type":"CategoryAxis","dataFields":{"category":"country"},"numberFormatter":{"numberFormat":"#"},"renderer":{"inversed":true}}],"series":[{"type":"ColumnSeries","dataFields":{"valueX":"litres","categoryY":"country"},"name":"Litres","columns":{"tooltipText":"{valueX}","column3D":{"stroke":"#fff","strokeOpacity":0.2}}}],"legend":{"type":"Legend","disabled":true},"scrollbarX":{"type":"Scrollbar","disabled":true},"scrollbarY":{"type":"Scrollbar","disabled":true}},"script":""}