{
  "name": "Label",
  "controlType": "custom",
  "chartType": "Label",
  "title": "Heading 1",
  "generalProperties": {
    "chartType": "Label",
    "hidePanel": false,
    "zoomEnabled": false
  },
  "chartProperties": {
    "title": "Title",
    "titleTextAlignment": "left",
    "titleTextFontSize": "12px",
    "labelTitleIcon": "label",
    "labelTitleIconFontSize": "20px",
    "subtitle": "Subtitle text",
    "subtitleTextAlignment": "left",
    "subtitleTextFontSize": "6px",
    "longtext": "longtext here..",
    "longtextAlignment": "left",
    "longtextFontSize": "70px",
    "longtextSpaceFromTop": "40px",
    "image": "",
    "isLineSeperatorRequired": false,
    "customText": ""
  },
  "script": ""
}
