{"name":"Line Chart","controlType":"amChart","generalProperties":{"chartType":"XYChart","hidePanel":true,"zoomEnabled":false,"isExportEnabled":"false"},"chartProperties":{"xAxes":[{"type":"DateAxis"}],"yAxes":[{"type":"ValueAxis"}],"series":[{"type":"LineSeries","dataFields":{"dateX":"date","valueY":"litres"},"lines":{"tooltipText":"{valueY}"}}],"legend":{"type":"Legend","disabled":true},"scrollbarX":{"type":"Scrollbar","disabled":true},"scrollbarY":{"type":"Scrollbar","disabled":true}},"script":""}