{"username":"admin","password":"$2a$10$x1POiOZHdO80nIClcgtS/.p5zCjpellv319rHwm7ucEsvGAvEXAAm","email":"admin@domain.com","quickaccess":[{"type":"dashboard","name":"Dashboard 3","sequence":2},{"type":"linkedview","name":"Demo 5","sequence":3},{"type":"dashboard","name":"Dashboard 11","sequence":4},{"type":"linkedview","name":"Demo 8","sequence":7},{"type":"linkedview","name":"Demo 9","sequence":8},{"type":"dashboard","name":"Dashboard 2","sequence":11},{"type":"dashboard","name":"Dashboard 1","sequence":13},{"type":"dashboard","name":"Dashboard 5","sequence":14}]}