{"name":"Demo 4","views":{"87cd582e-1dbf-4673-a696-80f0258d4ca0":{"id":"87cd582e-1dbf-4673-a696-80f0258d4ca0","parent":null,"viewName":"View 10","navigationProperties":[{"panelId":0,"script":"chart.series.values[0].slices.template.events.on(\"hit\",function(ev){\nnavigateToChildView(childViewProperty.navigateToView)},this);","navigateToView":"c7ca2575-7677-4c44-b755-c5e348e1954f"}]},"dd57d3d9-c1df-49bd-a8d6-3c176584bace":{"id":"dd57d3d9-c1df-49bd-a8d6-3c176584bace","parent":"08c8b325-7756-4cca-93b5-7d1eb89cbfa1","viewName":"Globe View","navigationProperties":null},"c7ca2575-7677-4c44-b755-c5e348e1954f":{"id":"c7ca2575-7677-4c44-b755-c5e348e1954f","parent":"87cd582e-1dbf-4673-a696-80f0258d4ca0","viewName":"Custom 1","navigationProperties":null}}}