{"name":"Demo 6","views":{"d07ba3a3-972b-4cb8-a414-d2e2872db4f3":{"id":"d07ba3a3-972b-4cb8-a414-d2e2872db4f3","parent":null,"viewName":"View 1","navigationProperties":[{"panelId":4,"script":"JHYL","navigateToView":"a22c678d-6f43-440a-b2f8-1f033139126a"},{"panelId":0,"script":"ABCD","navigateToView":"8fdb444e-e6d4-4b21-8082-2591e137f07a"}]},"a22c678d-6f43-440a-b2f8-1f033139126a":{"id":"a22c678d-6f43-440a-b2f8-1f033139126a","parent":"d07ba3a3-972b-4cb8-a414-d2e2872db4f3","viewName":"View 4","navigationProperties":[{"panelId":0,"script":"ERFGT","navigateToView":"53d10dde-00dd-4e29-82dc-ea9bf3d3f0fd"}]},"53d10dde-00dd-4e29-82dc-ea9bf3d3f0fd":{"id":"53d10dde-00dd-4e29-82dc-ea9bf3d3f0fd","parent":"a22c678d-6f43-440a-b2f8-1f033139126a","viewName":"View 10","navigationProperties":null},"8fdb444e-e6d4-4b21-8082-2591e137f07a":{"id":"8fdb444e-e6d4-4b21-8082-2591e137f07a","parent":"d07ba3a3-972b-4cb8-a414-d2e2872db4f3","viewName":"Custom 1","navigationProperties":[{"panelId":4,"script":"edrf","navigateToView":"7ff69f61-796f-4125-a7cf-0235cdb90ac8"}]},"7ff69f61-796f-4125-a7cf-0235cdb90ac8":{"id":"7ff69f61-796f-4125-a7cf-0235cdb90ac8","parent":"8fdb444e-e6d4-4b21-8082-2591e137f07a","viewName":"View 2","navigationProperties":null}}}