{"name":"Globe View","views":{"12a1049f-fdbf-48ec-aaa3-d6b5d3040a23":{"id":"12a1049f-fdbf-48ec-aaa3-d6b5d3040a23","parent":null,"viewName":"Globe View","navigationProperties":[{"panelId":0,"script":"chart.series.values[0].mapPolygons.template.events.on(\"hit\",function(ev){ this.setGlobalVariable(\"country\",ev.target.dataItem.dataContext.name);\nnavigateToChildView(childViewProperty.navigateToView)},this);","navigateToView":"5ed25c9e-dda8-4d33-a939-5612af29ae0c"}]},"5ed25c9e-dda8-4d33-a939-5612af29ae0c":{"id":"5ed25c9e-dda8-4d33-a939-5612af29ae0c","parent":"12a1049f-fdbf-48ec-aaa3-d6b5d3040a23","viewName":"View 1","navigationProperties":null}}}