{"name":"Custom label View","displayname":"Custom label View","size":2,"panelDetails":[{"rowSpan":1,"colSpan":1,"isPanel":true,"panelId":0,"startIndex":[0,0],"panelIds":[0],"controlDetail":{"name":"Gauge Chart","controlType":"amChart","generalProperties":{"chartType":"GaugeChart","title":"Gauge Chart","zoomEnabled":false},"chartProperties":{"innerRadius":-25,"hands":[{"type":"ClockHand","value":75}],"xAxes":[{"type":"ValueAxis","min":0,"max":100,"strictMinMax":true,"dataFields":{"category":"litres"},"axisRanges1":[{"value":0,"endValue":70,"axisFill":{"fillOpacity":1,"fill":"green","zIndex":-1}},{"value":70,"endValue":90,"axisFill":{"fillOpacity":1,"fill":"yellow","zIndex":-1}},{"value":90,"endValue":100,"axisFill":{"fillOpacity":1,"fill":"red","zIndex":-1}}]}]},"script":"","datasource":"Test Data"}},{"rowSpan":1,"colSpan":1,"isPanel":true,"panelId":1,"startIndex":[0,1],"panelIds":[1],"controlDetail":{"name":"Label","controlType":"custom","chartType":"Label","title":"Heading 1","generalProperties":{"chartType":"Label","hidePanel":false,"zoomEnabled":false},"chartProperties":{"title":"country","titleTextAlignment":"left","titleTextFontSize":"12px","labelTitleIcon":"label","labelTitleIconFontSize":"20px","subtitle":"Subtitle text","subtitleTextAlignment":"left","subtitleTextFontSize":"6px","longtext":"litres","longtextAlignment":"left","longtextFontSize":"70px","longtextSpaceFromTop":"40px","image":"","isLineSeperatorRequired":false,"customText":""},"script":"","datasource":"Test Data"}},{"rowSpan":1,"colSpan":1,"isPanel":true,"panelId":2,"startIndex":[1,0],"panelIds":[2],"controlDetail":{"name":"Table","controlType":"custom","chartType":"Table","generalProperties":{"chartType":"Table","hidePanel":false,"title":"","zoomEnabled":false},"chartProperties":{"searchEnabled":false,"paginationEnabled":true,"pageSizeOptions":["5","10","20","30"]},"script":"","datasource":"Test Data"}},{"rowSpan":1,"colSpan":1,"isPanel":true,"panelId":3,"startIndex":[1,1],"panelIds":[3],"controlDetail":{"name":"Action Button 1","controlType":"custom","generalProperties":{"chartType":"Action Button","hidePanel":true,"title":""},"chartProperties":{"buttonName":"Click here","url":"htttps://www.google.com"},"datasource":"Test Data"}}],"filterProfiles":[]}