{"name":"Custom 1","displayname":"Custom View","size":4,"panelDetails":[{"rowSpan":1,"colSpan":2,"isPanel":true,"panelId":0,"startIndex":[0,0],"panelIds":[0,1],"controlDetail":{"name":"Alerts List","controlType":"custom","chartType":"Alert","generalProperties":{"chartType":"Alert","hidePanel":false,"zoomEnabled":false,"title":"Title here"},"chartProperties":{"header":"country","message":"country","status":"litres","scrollAmount":10},"script":"","datasource":"Test Data"}},{"rowSpan":2,"colSpan":2,"isPanel":true,"panelId":2,"startIndex":[0,2],"panelIds":[2,3,6,7],"controlDetail":{"name":"Column and Line mix","controlType":"amChart","generalProperties":{"chartType":"XYChart","hidePanel":false,"zoomEnabled":false,"isExportEnabled":"false"},"chartProperties":{"xAxes":[{"type":"CategoryAxis","dataFields":{"category":"country"},"renderer":{"minGridDistance":90,"labels":{"fontSize":"1px"}}}],"yAxes":[{"type":"ValueAxis"}],"series":[{"type":"ColumnSeries","dataFields":{"categoryX":"country","valueY":"litres"},"name":"Litres","columns":{"tooltipText":"{valueY}","column3D":{"stroke":"#fff","strokeOpacity":0.2}}},{"type":"LineSeries","bullets":[{"children":[{"type":"Circle","width":6,"height":6,"horizontalCenter":"middle","verticalCenter":"middle"}],"type":"Bullet"}],"dataFields":{"categoryX":"country","valueY":"litres"},"name":"Expenses","columns":{"tooltipText":"{valueY}","column3D":{"stroke":"#fff","strokeOpacity":0.2}}}],"legend":{"type":"Legend","disabled":true},"scrollbarX":{"type":"Scrollbar","disabled":false,"marginTop":"0px","thumb":{"background":{"fill":"#dc67ab","fillOpacity":0.2}},"startGrip":{"background":{"fill":"#dc67ab","fillOpacity":0.7}},"endGrip":{"background":{"fill":"#dc67ab","fillOpacity":0.7}}},"scrollbarY":{"type":"Scrollbar","disabled":true}},"script":"","datasource":"Test Data"}},{"rowSpan":3,"colSpan":2,"isPanel":true,"panelId":4,"startIndex":[1,0],"panelIds":[4,5,8,9,12,13],"controlDetail":{"name":"Gauge Chart","controlType":"amChart","generalProperties":{"chartType":"GaugeChart","title":"Gauge Chart","zoomEnabled":false,"isExportEnabled":"false"},"chartProperties":{"innerRadius":-25,"hands":[{"type":"ClockHand","value":65}],"xAxes":[{"type":"ValueAxis","min":0,"max":100,"strictMinMax":true,"dataFields":{"category":"litres"},"axisRanges":[{"value":0,"endValue":70,"axisFill":{"fillOpacity":1,"fill":"green","zIndex":-1,"forceCreate":true}},{"value":70,"endValue":90,"axisFill":{"fillOpacity":1,"fill":"yellow","zIndex":-1,"forceCreate":true}},{"value":90,"endValue":100,"axisFill":{"fillOpacity":1,"fill":"red","zIndex":-1,"forceCreate":true}}]}]},"script":"","datasource":"Test Data","dataProperties":{"isDrilldown":false,"categoryFields":[],"valueFields":[]}}},{"rowSpan":2,"colSpan":2,"isPanel":true,"panelId":10,"startIndex":[2,2],"panelIds":[10,11,14,15],"controlDetail":{"name":"Table","controlType":"custom","chartType":"Table","generalProperties":{"chartType":"Table","hidePanel":false,"title":"Content Title","zoomEnabled":false,"isExportEnabled":"false"},"chartProperties":{"searchEnabled":true,"paginationEnabled":true,"pageSizeOptions":["5"]},"script":"","datasource":"Test Data"}}],"filterProfiles":[],"globalVariables":[]}