{"name":"derd","displayname":"derd","size":4,"panelDetails":[{"rowSpan":1,"colSpan":2,"isPanel":true,"panelId":0,"startIndex":[0,0],"panelIds":[0,1],"controlDetail":{"name":"Table","controlType":"custom","chartType":"Table","generalProperties":{"chartType":"Table","hidePanel":false,"title":"Content Title","zoomEnabled":false,"isExportEnabled":"true"},"chartProperties":{"searchEnabled":true,"paginationEnabled":true,"pageSizeOptions":["5","10","20","30"]},"script":"","datasource":"Test MCF"}},{"rowSpan":2,"colSpan":2,"isPanel":true,"panelId":2,"startIndex":[0,2],"panelIds":[2,3,6,7],"controlDetail":{"name":"Table","controlType":"custom","chartType":"Table","generalProperties":{"chartType":"Table","hidePanel":false,"title":"Content Title","zoomEnabled":false,"isExportEnabled":"true"},"chartProperties":{"searchEnabled":true,"paginationEnabled":true,"pageSizeOptions":["5","10","20","30"]},"script":"","datasource":"Test Data"}},{"rowSpan":1,"colSpan":2,"isPanel":true,"panelId":4,"startIndex":[1,0],"panelIds":[4,5],"controlDetail":null},{"rowSpan":2,"colSpan":2,"isPanel":true,"panelId":8,"startIndex":[2,0],"panelIds":[8,9,12,13],"controlDetail":{"name":"Stacked Bar Chart","controlType":"amChart","generalProperties":{"chartType":"XYChart","hidePanel":true,"zoomEnabled":false,"isExportEnabled":"false"},"chartProperties":{"xAxes":[{"type":"CategoryAxis","dataFields":{"category":"category"},"renderer":{"minGridDistance":90,"labels":{"fontSize":"1px"}}}],"yAxes":[{"type":"ValueAxis","min":0,"max":21000,"calculateTotals":true}],"series":[{"type":"ColumnSeries","dataFields":{"categoryX":"category","valueY":"value1"},"stacked":true,"name":"Litres","columns":{"tooltipText":"{valueY}","column3D":{"stroke":"#fff","strokeOpacity":0.2}}},{"type":"ColumnSeries","dataFields":{"categoryX":"category","valueY":"value12"},"stacked":true,"name":"Litres","columns":{"tooltipText":"{valueY}","column3D":{"stroke":"#fff","strokeOpacity":0.2}}}],"legend":{"type":"Legend","disabled":true},"scrollbarX":{"type":"Scrollbar","disabled":true},"scrollbarY":{"type":"Scrollbar","disabled":true}},"datasource":"Test MCF 2","dataProperties":{"isDrilldown":true,"categoryFields":["CountryName","OrderSource","OrderDate"],"valueFields":[{"name":"PromptFulfillment","type":"sum"},{"name":"Invoiced","type":"sum"}]}}},{"rowSpan":2,"colSpan":2,"isPanel":true,"panelId":10,"startIndex":[2,2],"panelIds":[10,11,14,15],"controlDetail":null}],"filterProfiles":[],"globalVariables":[]}