{
  "name": "Globe View",
  "size": 1,
  "displayname": "Globe View",
  "panelDetails": [
    {
      "rowSpan": 1,
      "colSpan": 1,
      "isPanel": true,
      "panelId": 0,
      "startIndex": [0, 0],
      "panelIds": [0],
      "controlDetail": {
        "name": "Globe Chart",
        "controlType": "amChart",
        "generalProperties": {
          "chartType": "MapChart",
          "hidePanel": false,
          "title": "Globe title",
          "zoomEnabled": false
        },
        "chartProperties": {
          "geodata": "worldLow",
          "panBehavior": "rotateLongLat",
          "projection": "Orthographic",
          "deltaLongitude": -60,
          "backgroundSeries": {
            "mapPolygons": {
              "polygon": {
                "fill": "#60A3D9",
                "fillOpacity": 1,
                "hoverOnFocus": true
              }
            }
          },
          "series": [
            {
              "type": "MapPolygonSeries",
              "useGeodata": true,
              "mapPolygons": {
                "tooltipText": "{name}",
                "fill": "#74B266",
                "states": {
                  "hover": {
                    "properties": {
                      "fill": { "_value": { "r": 255, "g": 255, "b": 255 } },
                      "fillOpacity": 1
                    }
                  }
                }
              }
            }
          ]
        },
        "script": "let animation;setTimeout(function(){animation=chart.animate({property:\"deltaLongitude\",to:100000},20000000)},1000);\nchart.events.on(\"hit\", function(ev) {\n  console.log(ev.target);\n});",
        "datasource": "Test Data"
      }
    }
  ],
  "filterProfiles": []
}
