{"name":"View 8","displayname":"View 08","size":"5","panelDetails":[{"rowSpan":3,"colSpan":5,"isPanel":true,"panelId":0,"startIndex":[0,0],"panelIds":[0,1,2,3,4,5,6,7,8,9,10,11,12,13,14],"controlDetail":{"name":"Table","controlType":"custom","chartType":"Table","generalProperties":{"chartType":"Table","hidePanel":false,"title":"Content Title","zoomEnabled":false},"chartProperties":{"searchEnabled":true},"script":"","datasource":"Test Data"}},{"rowSpan":2,"colSpan":3,"isPanel":true,"panelId":15,"startIndex":[3,0],"panelIds":[15,16,17,20,21,22],"controlDetail":{"name":"Donut Chart","controlType":"amChart","generalProperties":{"chartType":"PieChart3D"},"chartProperties":{"innerRadius":50,"series":[{"type":"PieSeries3D","dataFields":{"value":"litres","category":"country"}}]},"datasource":"Test Data"}},{"rowSpan":2,"colSpan":2,"isPanel":true,"panelId":18,"startIndex":[3,3],"panelIds":[18,19,23,24],"controlDetail":{"name":"Semi Pie Chart","controlType":"amChart","generalProperties":{"chartType":"PieChart"},"chartProperties":{"innerRadius":50,"startAngle":180,"endAngle":360,"titles":[{"text":"Semi Pie Chart name","size":5,"align":"left","marginBottom":15}],"series":[{"type":"PieSeries","dataFields":{"value":"litres","category":"country"}}]},"datasource":"Test Data"}}],"filterProfiles":[]}