{"name":"View 2","displayname":"View 2","size":6,"panelDetails":[{"rowSpan":3,"colSpan":3,"isPanel":true,"panelId":0,"startIndex":[0,0],"panelIds":[0,1,2,6,7,8,12,13,14],"controlDetails":{},"controlDetail":{"name":"Pie Chart","controlType":"amChart","generalProperties":{"chartType":"PieChart","hidePanel":false,"title":"Name here","zoomEnabled":false},"chartProperties":{"series":[{"type":"PieSeries","dataFields":{"value":"litres","category":"country"}}]},"script":"var button1=chart.chartContainer.createChild(this.getAm4CoreComponent('Button'));\nbutton1.padding(5, 5, 5, 5);\nbutton1.align = \"left\";\nbutton1.marginLeft = 5;\nbutton1.events.on(\"hit\", function() {\n  chart.goHome();\n});\nbutton1.icon = this.getAm4CoreMethod('Sprite');\nbutton1.icon.path = \"M16 8.25H5.87l4.19-4.19L9 3 3 9l6 6 1.06-1.06-4.19-4.19H15v-1.5z\";\nvar button2=chart.chartContainer.createChild(this.getAm4CoreComponent('Button'));\nbutton2.padding(5, 5, 5, 5);\nbutton2.align = \"right\";\nbutton2.marginRight = 5;\nbutton2.events.on(\"hit\", function() {\n  chart.goHome();\n});\nbutton2.icon = this.getAm4CoreMethod('Sprite');\nbutton2.icon.path = \"M16,8 L14,8 L14,16 L10,16 L10,10 L6,10 L6,16 L2,16 L2,8 L0,8 L8,0 L16,8 Z M16,8\";","datasource":"Test Data"}},{"rowSpan":3,"colSpan":3,"isPanel":true,"panelId":3,"startIndex":[0,3],"panelIds":[3,4,5,9,10,11,15,16,17],"controlDetails":{},"controlDetail":{"name":"Pie Chart","controlType":"amChart","generalProperties":{"chartType":"PieChart","hidePanel":false,"title":"Name here","zoomEnabled":false},"chartProperties":{"series":[{"type":"PieSeries","dataFields":{"value":"litres","category":"country"}}]},"datasource":"Test Data","script":"this.generalService.setGlobalvariable(\"country\",\"Ireland\")"}},{"rowSpan":3,"colSpan":2,"isPanel":true,"panelId":18,"startIndex":[3,0],"panelIds":[18,19,24,25,30,31],"controlDetails":{},"controlDetail":{"name":"Table","controlType":"custom","chartType":"Table","generalProperties":{"chartType":"Table","hidePanel":false,"title":"Content Title","zoomEnabled":false},"chartProperties":{"searchEnabled":true,"paginationEnabled":true,"pageSizeOptions":["5","10","20","30"]},"script":"","datasource":"Test MCF"}},{"rowSpan":3,"colSpan":4,"isPanel":true,"panelId":20,"startIndex":[3,2],"panelIds":[20,21,22,23,26,27,28,29,32,33,34,35],"controlDetails":{},"controlDetail":{"name":"Table","controlType":"custom","chartType":"Table","generalProperties":{"chartType":"Table","hidePanel":false,"title":"Content Title","zoomEnabled":false},"chartProperties":{"searchEnabled":true,"paginationEnabled":false,"pageSizeOptions":["5","10","20","30"]},"script":"","datasource":"Test MCF"}}],"filterProfiles":[]}