{"name":"View 1","displayname":"View 1","size":4,"panelDetails":[{"rowSpan":1,"colSpan":2,"isPanel":true,"panelId":0,"startIndex":[0,0],"panelIds":[0,1],"controlDetails":{},"controlDetail":{"name":"Pie Chart","controlType":"amChart","generalProperties":{"chartType":"PieChart"},"chartProperties":{"titles":[{"text":"Pie Chart name","size":5,"align":"left","marginBottom":15}],"series":[{"type":"PieSeries","dataFields":{"value":"litres","category":"country"}}]},"datasource":"Test Data"}},{"rowSpan":2,"colSpan":2,"isPanel":true,"panelId":2,"startIndex":[0,2],"panelIds":[2,3,6,7],"controlDetail":{"name":"Horizontal Bar Chart 3D","controlType":"amChart","generalProperties":{"chartType":"XYChart3D","hidePanel":false,"zoomEnabled":false},"chartProperties":{"xAxes":[{"type":"ValueAxis"}],"yAxes":[{"type":"CategoryAxis","dataFields":{"category":"country"},"numberFormatter":{"numberFormat":"#"},"renderer":{"inversed":true}}],"series":[{"type":"ColumnSeries3D","dataFields":{"valueX":"litres","categoryY":"country"},"name":"Litres","columns":{"tooltipText":"{valueX}","column3D":{"stroke":"#fff","strokeOpacity":0.2}}}]},"script":"(var button=chart.createChild(am4core.Button);\nbutton.padding(5, 5, 5, 5);\nbutton.align = \"right\";\nbutton.marginRight = 15;\nbutton.events.on(\"hit\", function() {\n  chart.goHome();\n});)\n\n","datasource":"Test Data"}},{"rowSpan":3,"colSpan":2,"isPanel":true,"panelId":4,"startIndex":[1,0],"panelIds":[4,5,8,9,12,13],"controlDetails":{},"controlDetail":{"name":"Horizontal Bar Chart","controlType":"amChart","generalProperties":{"chartType":"XYChart","hidePanel":false,"zoomEnabled":false},"chartProperties":{"xAxes":[{"type":"ValueAxis"}],"yAxes":[{"type":"CategoryAxis","dataFields":{"category":"country"},"numberFormatter":{"numberFormat":"#"},"renderer":{"inversed":true}}],"series":[{"type":"ColumnSeries","dataFields":{"valueX":"litres","categoryY":"country"},"name":"Litres","columns":{"tooltipText":"{valueX}","column3D":{"stroke":"#fff","strokeOpacity":0.2}}}]},"script":"","datasource":"Test Data"}},{"rowSpan":2,"colSpan":2,"isPanel":true,"panelId":10,"startIndex":[2,2],"panelIds":[10,11,14,15],"controlDetails":{},"controlDetail":{"name":"Stacked Bar Chart","controlType":"amChart","generalProperties":{"chartType":"XYChart","hidePanel":true,"zoomEnabled":false},"chartProperties":{"xAxes":[{"type":"CategoryAxis","dataFields":{"category":"country"}}],"yAxes":[{"type":"ValueAxis","min":0,"max":2000,"calculateTotals":true}],"series":[{"type":"ColumnSeries","dataFields":{"categoryX":"country","valueY":"litres"},"stacked":true,"name":"Litres","columns":{"tooltipText":"{valueY}","column3D":{"stroke":"#fff","strokeOpacity":0.2}}},{"type":"ColumnSeries","dataFields":{"categoryX":"country","valueY":"litres"},"stacked":true,"name":"Litres","columns":{"tooltipText":"{valueY}","column3D":{"stroke":"#fff","strokeOpacity":0.2}}},{"type":"ColumnSeries","dataFields":{"categoryX":"country","valueY":"litres"},"stacked":true,"name":"Litres","columns":{"tooltipText":"{valueY}","column3D":{"stroke":"#fff","strokeOpacity":0.2}}}]},"datasource":"Test Data"}}],"filterProfiles":[{"name":"Filter 1","roles":["Admin"],"filters":[{"fieldName":"country","datasource":["Test Data"],"fieldType":"textbox","fieldProperties":{"defaultValue":"Germany","fieldCriteria":"!="}}]},{"name":"Filter 2","roles":["Admin"],"filters":[{"fieldName":"country","datasource":["Test Data"],"fieldType":"dropdown","fieldProperties":{"defaultValue":["Czech Republic","Ireland","Germany"],"fieldCriteria":"=","multi-select":true}}]},{"name":"Filter 3","roles":["Admin"],"filters":[{"fieldName":"country","datasource":["Test Data"],"fieldType":"dropdown","fieldProperties":{"defaultValue":"Ireland","fieldCriteria":"=","multi-select":false}}]},{"name":"Filter 5","roles":["Admin"],"filters":[{"fieldName":"litres","datasource":["Test Data"],"fieldType":"dropdown","fieldProperties":{"defaultValue":[501.9,301.9,201.1],"fieldCriteria":"=","multi-select":true}}]},{"name":"Filter 4","roles":["Admin"],"filters":[{"fieldName":"litres","datasource":["Test Data"],"fieldType":"dropdown","fieldProperties":{"defaultValue":301.9,"fieldCriteria":"=","multi-select":false}}]},{"name":"Filter 6","roles":["Admin"],"filters":[{"fieldName":"litres","datasource":["Test Data"],"fieldType":"textbox","fieldProperties":{"defaultValue":"301.9","fieldCriteria":"=","multi-select":false}}]}]}