{"name":"View 7","displayname":"View 07","size":"8","panelDetails":[{"rowSpan":3,"colSpan":2,"isPanel":true,"panelId":0,"startIndex":[0,0],"panelIds":[0,1,8,9,16,17],"controlDetail":{"name":"Bar Chart 3D","controlType":"amChart","generalProperties":{"chartType":"XYChart3D","hidePanel":true,"zoomEnabled":false,"isExportEnabled":""},"chartProperties":{"xAxes":[{"type":"CategoryAxis","dataFields":{"category":"country"},"renderer":{"minGridDistance":90,"labels":{"fontSize":"1px"}}}],"yAxes":[{"type":"ValueAxis","dataFields":{"value":"litres"}}],"series":[{"type":"ColumnSeries3D","dataFields":{"categoryX":"country","valueY":"litres"},"name":"Litres","columns":{"tooltipText":"{valueY}","column3D":{"stroke":"#fff","strokeOpacity":0.2}}}],"legend":{"type":"Legend","disabled":true},"scrollbarX":{"type":"Scrollbar","disabled":true},"scrollbarY":{"type":"Scrollbar","disabled":true}},"script":"","datasource":"Bar Chart Data","dataProperties":{"isDrilldown":false,"categoryFields":[],"valueFields":[]}}},{"rowSpan":3,"colSpan":3,"isPanel":true,"panelId":2,"startIndex":[0,2],"panelIds":[2,3,4,10,11,12,18,19,20],"controlDetail":{"name":"Gauge Chart","controlType":"amChart","generalProperties":{"chartType":"GaugeChart","title":"Gauge Chart 1","zoomEnabled":true,"hidePanel":true},"chartProperties":{"innerRadius":-25,"xAxes":[{"type":"ValueAxis","min":0,"max":100,"strictMinMax":true,"dataFields":{"category":"litres"}}],"hands":[{"type":"ClockHand","value":65}]},"datasource":"Test Data"}},{"rowSpan":3,"colSpan":3,"isPanel":true,"panelId":5,"startIndex":[0,5],"panelIds":[5,6,7,13,14,15,21,22,23],"controlDetail":{"name":"Label","controlType":"custom","chartType":"Label","title":"Heading 1","generalProperties":{"chartType":"Label","hidePanel":false,"zoomEnabled":false},"chartProperties":{"title":"country","titleTextAlignment":"right","titleTextFontSize":"20px","labelTitleIcon":"","labelTitleIconFontSize":"20px","subtitle":"Subtitle text","subtitleTextAlignment":"left","subtitleTextFontSize":"6px","longtext":"litres","longtextAlignment":"center","longtextFontSize":"70px","longtextSpaceFromTop":"40px","image":""},"script":"","datasource":"Test Data"}},{"rowSpan":5,"colSpan":4,"isPanel":true,"panelId":24,"startIndex":[3,0],"panelIds":[24,25,26,27,32,33,34,35,40,41,42,43,48,49,50,51,56,57,58,59],"controlDetail":{"name":"Bar Chart","controlType":"amChart","generalProperties":{"chartType":"XYChart","hidePanel":true,"zoomEnabled":false,"isExportEnabled":"true"},"chartProperties":{"xAxes":[{"type":"CategoryAxis","dataFields":{"category":"country"}}],"yAxes":[{"type":"ValueAxis","dataFields":{"value":"litres"}}],"series":[{"type":"ColumnSeries","dataFields":{"categoryX":"country","valueY":"litres"},"name":"Litres","columns":{"tooltipText":"{valueY}","column3D":{"stroke":"#fff","strokeOpacity":0.2}}}]},"script":"chart.series.columns.template.events.on(\"hit\",function(ev){console.log(\"clicked on \",ev.target)},this); var drilldownData=[\n    {\n      country: \"Lithuania\",\n      litres: 501.9,\n    },\n    {\n      country: \"Czech Republic\",\n      litres: 301.9,\n    },\n    {\n      country: \"Ireland\",\n      litres: 201.1,\n    },\n    {\n      country: \"Germany\",\n      litres: 165.8,\n    },]; this.generalService.setGlobalvariable(\"drilldownData\":drilldownData);","datasource":"Test Data"}},{"rowSpan":5,"colSpan":4,"isPanel":true,"panelId":28,"startIndex":[3,4],"panelIds":[28,29,30,31,36,37,38,39,44,45,46,47,52,53,54,55,60,61,62,63],"controlDetail":{"name":"Pie Chart","controlType":"amChart","generalProperties":{"chartType":"PieChart","hidePanel":false,"title":"Name here"},"chartProperties":{"series":[{"type":"PieSeries","dataFields":{"value":"litres","category":"country"}}]},"datasource":"Test Data"}}],"filterProfiles":[]}