{"name":"View 10","displayname":"View 10","size":1,"panelDetails":[{"rowSpan":1,"colSpan":1,"isPanel":true,"panelId":0,"startIndex":[0,0],"panelIds":[0],"controlDetail":{"name":"Stacked Bar Chart","controlType":"amChart","generalProperties":{"chartType":"XYChart","hidePanel":true,"zoomEnabled":false,"isExportEnabled":"false"},"chartProperties":{"xAxes":[{"type":"CategoryAxis","dataFields":{"category":"category"},"renderer":{"minGridDistance":90,"labels":{"fontSize":"1px"}}}],"yAxes":[{"type":"ValueAxis","min":0,"max":21000,"calculateTotals":true}],"series":[{"type":"ColumnSeries","dataFields":{"categoryX":"category","valueY":"value1"},"stacked":true,"name":"Litres","columns":{"tooltipText":"{valueY}","column3D":{"stroke":"#fff","strokeOpacity":0.2}}},{"type":"ColumnSeries","dataFields":{"categoryX":"category","valueY":"value2"},"stacked":true,"name":"Litres","columns":{"tooltipText":"{valueY}","column3D":{"stroke":"#fff","strokeOpacity":0.2}}}],"legend":{"type":"Legend","disabled":true},"scrollbarX":{"type":"Scrollbar","disabled":true},"scrollbarY":{"type":"Scrollbar","disabled":true}},"datasource":"Test MCF 2","dataProperties":{"isDrilldown":true,"categoryFields":["CountryName","OrderSource","OrderDate"],"valueFields":[{"name":"PromptFulfillment","type":"sum"},{"name":"Invoiced","type":"sum"}]},"script":"var level=0;\nvar chartData=[];\nchartData.push(chart.data);\nvar button1=chart.chartContainer.createChild(this.getAm4CoreComponent('Button'));\nbutton1.padding(5, 5, 5, 5);\nbutton1.align = \"left\";\nbutton1.marginLeft = 5;\nbutton1.events.on(\"hit\", function() {\n if (level != 0) {\nchartData.pop();\nlevel--;\nchart.data=chartData[level];\n}\n});\nbutton1.icon = this.getAm4CoreMethod('Sprite');\nbutton1.icon.path = \"M16 8.25H5.87l4.19-4.19L9 3 3 9l6 6 1.06-1.06-4.19-4.19H15v-1.5z\";\nvar button2=chart.chartContainer.createChild(this.getAm4CoreComponent('Button'));\nbutton2.padding(5, 5, 5, 5);\nbutton2.align = \"right\";\nbutton2.marginRight = 5;\nbutton2.events.on(\"hit\", function() {\nchart.data=chartData[0];\nlevel=0;\n});\nbutton2.icon = this.getAm4CoreMethod('Sprite');\nbutton2.icon.path = \"M16,8 L14,8 L14,16 L10,16 L10,10 L6,10 L6,16 L2,16 L2,8 L0,8 L8,0 L16,8 Z M16,8\";\nwhile(stackCount>0){\nchart.series.values[stackCount-1].columns.template.events.on(\"doublehit\",function(ev){if (ev.target.dataItem.dataContext.subData != undefined) {\nlevel++;\nif(level==chartData.length){\nchartData.push(ev.target.dataItem.dataContext.subData);\n}\nchart.data=chartData[level];\n}},this);\nstackCount--;}"}}],"filterProfiles":[]}