{"name":"View 4","displayname":"View 4","size":2,"panelDetails":[{"rowSpan":2,"colSpan":2,"isPanel":true,"panelId":0,"startIndex":[0,0],"panelIds":[0,1,2,3],"controlDetail":{"name":"Bar Chart","controlType":"amChart","generalProperties":{"chartType":"XYChart","hidePanel":true,"zoomEnabled":false,"isExportEnabled":"false"},"chartProperties":{"xAxes":[{"type":"CategoryAxis","dataFields":{"category":"category"},"renderer":{"minGridDistance":90,"labels":{"fontSize":"1px"}}}],"yAxes":[{"type":"ValueAxis","dataFields":{"value":"value1"}}],"series":[{"type":"ColumnSeries","dataFields":{"categoryX":"category","valueY":"value1"},"name":"Litres","columns":{"tooltipText":"{valueY}","column3D":{"stroke":"#fff","strokeOpacity":0.2}}}],"legend":{"type":"Legend","disabled":true},"scrollbarX":{"type":"Scrollbar","disabled":true},"scrollbarY":{"type":"Scrollbar","disabled":true}},"script":"var level=0;\nvar chartData=[];\nchartData.push(chart.data);\nwhile(stackCount>0){\nchart.series.values[stackCount-1].columns.template.events.on(\"doublehit\",function(ev){if (ev.target.dataItem.dataContext.subData != undefined) {\nchartData.push(ev.target.dataItem.dataContext.subData);\nlevel++;\nchart.data=chartData[level];\n}},this);\nchart.series.values[stackCount-1].columns.template.events.on(\"rightclick\",function(ev){if (level != 0) {\nchartData.pop();\nlevel--;\nchart.data=chartData[level];\n}},this);\nstackCount--;}","datasource":"Test MCF 2","dataProperties":{"isDrilldown":true,"categoryFields":["CountryName","OrderSource","OrderDate"],"valueFields":[{"name":"Invoiced","type":"sum"}]}}}],"filterProfiles":[]}