{
  "panelDetails": [
    {
      "rowSpan": 3,
      "colSpan": 1,
      "isPanel": true,
      "panelId": 0,
      "startIndex": [0, 0],
      "panelIds": [0, 6, 12]
    },
    {
      "rowSpan": 2,
      "colSpan": 1,
      "isPanel": true,
      "panelId": 1,
      "startIndex": [0, 1],
      "panelIds": [1, 7]
    },
    {
      "rowSpan": 2,
      "colSpan": 1,
      "isPanel": true,
      "panelId": 2,
      "startIndex": [0, 2],
      "panelIds": [2, 8]
    },
    {
      "rowSpan": 3,
      "colSpan": 3,
      "isPanel": true,
      "panelId": 3,
      "startIndex": [0, 3],
      "panelIds": [3, 4, 5, 9, 10, 11, 15, 16, 17]
    },
    {
      "rowSpan": 1,
      "colSpan": 2,
      "isPanel": true,
      "panelId": 13,
      "startIndex": [2, 1],
      "panelIds": [13, 14]
    },
    {
      "rowSpan": 3,
      "colSpan": 2,
      "isPanel": true,
      "panelId": 18,
      "startIndex": [3, 0],
      "panelIds": [18, 19, 24, 25, 30, 31]
    },
    {
      "rowSpan": 3,
      "colSpan": 4,
      "isPanel": true,
      "panelId": 20,
      "startIndex": [3, 2],
      "panelIds": [20, 21, 22, 23, 26, 27, 28, 29, 32, 33, 34, 35]
    }
  ],
  "name": "Layout 2",
  "rows": 6,
  "columns": 6
}
