{
  "panelDetails": [
    {
      "rowSpan": 1,
      "colSpan": 1,
      "isPanel": true,
      "panelId": 0,
      "startIndex": [0, 0],
      "panelIds": [0]
    },
    {
      "rowSpan": 1,
      "colSpan": 1,
      "isPanel": true,
      "panelId": 1,
      "startIndex": [0, 1],
      "panelIds": [1]
    },
    {
      "rowSpan": 1,
      "colSpan": 1,
      "isPanel": true,
      "panelId": 2,
      "startIndex": [1, 0],
      "panelIds": [2]
    },
    {
      "rowSpan": 1,
      "colSpan": 1,
      "isPanel": true,
      "panelId": 3,
      "startIndex": [1, 1],
      "panelIds": [3]
    }
  ],
  "name": "Layout 3",
  "rows": 2,
  "columns": 2
}
