{
  "panelDetails": [
    {
      "rowSpan": 1,
      "colSpan": 2,
      "isPanel": true,
      "panelId": 0,
      "startIndex": [0, 0],
      "panelIds": [0, 1]
    },
    {
      "rowSpan": 2,
      "colSpan": 2,
      "isPanel": true,
      "panelId": 2,
      "startIndex": [0, 2],
      "panelIds": [2, 3, 6, 7]
    },
    {
      "rowSpan": 1,
      "colSpan": 2,
      "isPanel": true,
      "panelId": 4,
      "startIndex": [1, 0],
      "panelIds": [4, 5]
    },
    {
      "rowSpan": 2,
      "colSpan": 2,
      "isPanel": true,
      "panelId": 8,
      "startIndex": [2, 0],
      "panelIds": [8, 9, 12, 13]
    },
    {
      "rowSpan": 2,
      "colSpan": 2,
      "isPanel": true,
      "panelId": 10,
      "startIndex": [2, 2],
      "panelIds": [10, 11, 14, 15]
    }
  ],
  "name": "Layout 1",
  "rows": 4,
  "columns": 4
}
